	R1_Rigid_Posture_Copy	R2_Face_Centric	R3_Punctuated_Motions	R4_Vertical_Movements	R5_Subordinate_Fluidity	F1_Fluid_Posture	F2_Eye_Centric	F3_Gliding_Motions	F4_Horizontal_Movements	F5_Subordinate_Rigidity	PF1_Restless_Momentum	PF2_Toggling_Eyes	PF3_Body_Swaying	PF4_Casual_Hands	PF5_Alert_Perk_Ups	RF1_Viscous_Inertia	RF2_Fixed_Gaze	RF3_Diagonal_Eye_Drifts	RF4_Searching_Scowling	RF5_Narrow_Head_Zoning	PR1_Head_Pushes	PR2_Head_Shakes	PR3_Shoulder_Shrugs	PR4_Fluent_Articulation	PR5_Projecting_Hands	RR1_Poised_Receding	RR2_Disengaging_Eyes	RR3_Exerted_Pushes	RR4_Momentum_Halting	RR5_Meticulous_Hands
Cœur de Pirate	4	2	4	2		4	4	2	4	4	4	7	4	7	4		2	2	2		4	2	2	4	4	4	4	4	4	4
Michael Gervais	7	7	7	7	4			2	4		2	2	2	2	4		4	2	4	2	7	7	4	7	7	2	2			2
Joan Jett	2	2	4	4		4	7	2	7	4	2	7	7	2	4			2			4	4	2	4	7	2	2	2	2	2
Ben Stein		2	2	2		2	2	2	2	2		2			2	7	7	2		7	2	2		7	2	2	2			2
Billie Joe Armstrong	4	7	2	4	4	4		2	2		2	7	4	4	7		2	4	4		4	7	2	2	4	4	7	2	4	4
Dean Schneider	0	2	2	4	0	7	7	7	7	4	7	7	4	4	7	2	0	2	0	2	4	4	4	4	7	0	2	2	0	2
Megyn Kelly	7	7	7	7	4			0			0	2	2	2	4			4			7	7	2	7	4	2			2	2
Chloe Sevigny	7	4	2	4	2		2	2	4			4	2	7	7			2	2			7	4	7	7	7	4	0	2	7
Philip Ovadia		2		2		2	2		7	2		2		4	2	7	7	2		7	2	2		7	2		2	2	2	2
Kat Von D	4	4	2	2	0	2	4	4	4	7	7	7	7	7	4			2			2	2	4	4	4	2	7	2	4	4
Eberechi Eze	2	2		2		7	7	4	7	2	2	7	4	7	4	7	4	2		4	2	2	2	4	0	2	2	2	2	2
Tamino	2	4	2	2	0	7	7	7	7	2	7	7	7	7	4	4	4	2	2	4	2	2	2	0	2	0	4	4	2	4
Colin Robertson		2	2	2		7	7	7	4	4	7	2	7	4	4	2	2	7	7	2	4	4	4	2	4	2	4		4	2
Ensar Oud	4	2	4	2		4	2	2	7	2	2	4	2	2	4	4	7	7		4	2	4		4	7	2	2		2	2
Maggie Lindemann	4	4	2	2		4	2	4	7	4	4	7	4	4	4			4			2	2		4	4	7	4	2	2	7
Klee Irwin	4	4	4	4	4			2	4		2	7	4	2		2		4	2	2	4	4		4	7	2	4	2	4	4
Mario Sznajder		2	2	2		4	2	7	7	2	2	2	2	2	2	7	7	2	2	7	4	2	2	7	2			2	2	2
Amalie Bruun	7	4	4	4	2	2	2	2	2		2	4	4	2	7		2	2	4		4	2	4	2	4	7	4	4	2	7
Sam Kerr	2	2		2		7	4	4	4	2	4	7	7	7	4	2	2	4	2		0	2	4	4	2	2	2		0	2
Barry Keoghan			2	2		7	7	4	7	2	4	4	7	7	2	2	2	7	2		2			4	4	2	2		2	2
Ashley Graham	7	7	7	4	4	2	2	2	4		2	2	4	2	7						7	2	2	7	7	4				4
Russell Brand	4	4	7	4	4	4	2	2	4		4	4	4	4	4		2	2	2		4	4	4	7	7	2	2			2
Nick Vujicic	2	4	2		2	2	2	2			2	4	2		4		4	2	2	2	4	7	4	4			2			
Miwa	4	4	2	4	4	2	2	4	7		4	4	4	7	2				2		2		2	0	2	7	7	4	2	7
Seeker		2	2			4	2	4	2	2	4	7	4	4	2	2	4	4	4	4	4	2		2	4		4		4	7
Emerald Fennell	7	7	2	4	4			2	4			2	2	2	4	2		2	4	2	7	4	2	7	4	7	4	2	2	7
Apashe		2	2	2		7	7	7	7	2	4	7	7	7	4			2	7		2		2	4	2		4	2	2	2
Sadia Khan	7	7	7	7	7	0	2	4	4		2	4	2	4	4		2	2	2	2	7	4	2	4	7	4	2	2	0	7
Tilda Swinton	7	7	7	7	7	2		2				2	4	2	4		2	2	2		7	7	2	4	7	7	7	4	2	7
Jude Law	4	4	7	7	7	4	4	2	7		2	7	4	7	7	0	2	4	2		7	4	2	7	7	2	4	0	2	4
Greta Gerwig	7	7	4	4	7		0	2	4			4	2	7	4		4	0	4	2	4	4	2	2	7	7	4	7	2	7
Sufjan Stevens	4	4		2		4	4	7		2	4	7	4	4	4	2	4	4	2	4	2	2	2		4	7	4	2	2	7
Lorraine Warren	4	2	2	2		2	4	4	4	7	2	2	2	4	2	4	7	4	4	4	4	4	2	4	4	4	2	2	4	7
Saoirse Ronan	7	7	4	4	7	2	2	2	7		2	2	4	7	7		2	2	4		7	7	4	4	7	7	7	4	2	7
Anya Taylor-Joy	7	7	7	7	4		0	2	4		2	2	4	2	2		2	2	2	2	7	4	2	4	7	7	7	4	2	7
Tara Swart	7	7	4	7	2				4		0	4		2	7			4	2		7	7	2	7	7	7	7	2	2	7
Ben Francis	7	7	7	2	7				2			4		2	2		2	4	2		4	7	0	4	7	7	2	7	2	7
Stephen Wiltshire	4	2				2	7	2				4				2	7	2	2	7		2				2	2		2	4
Emily Blunt	7	7	7	7	4	2	2	2	2		2	4	2	2	4		2	2	2		7	4	2	7	7	7	2	4	2	7
Dave Asprey	2	4	4	7	4	4	2	2	7		4	4	7	4	7	4	2	4	4	4	7	7	2	7	7	2	4		2	4
Eartha Kitt	4	7	4	4	7	4	2	4	4		2	7	7	2	4	4	2	2	2	2	7	4	2	7	7	2	2		2	4
Denis Villeneuve	2	2	2	4		4	7	4	4	4	2	4	7	2	7	7	2	7	4	4	4	4	2	4	4	4	4	4	2	7
Eva zu Beck	2	2		2		4	4	4	2	7	2	7	4	2	7		2	2			7	4	4	7	7	2	2		2	2
Sofiane Pamart		2	2	2		7	7	4	7	2	4	7	7	7	7	4	2	2			4	2		4	4	2	2	0	2	4
Mia Goth	7	4	2	2	4		2				2	4	2	2	7			2	4		2		2	2	2	7	7	4	4	7
Theo James	7	4	4	7	4	2	2	2	7		2	4	2	4	4	2		2	2	2	7	4	2	7	7		4		2	
Tom Holland	4	2	2	4		7	7	4	7	4	2	7	7	7	4	2	2	2	2	2	4	2	2	7	4	2	2	2	2	4
Richard Kuklinski						2	4	2			2	4	2			7	4	4		4	2	2	2	2			2		2	
Jesse Eisenberg	4	2	2	7	0	4	4	4	7	7	4	7	7	7	4	0	2	2	2	2	7	7	2	4	7	2	4	4	2	7
Martin Shkreli			4			7	7	4	7	7	2	7	4	7	7	2	2	7	0	2	7	4	7	7	2	4			2	4
Leo Gura	4	2	2	4			4		7	2		7	2	7	4	2		4	4	4	4		2	4	7		4	4	4	4
Christoph Waltz	7	7	4	7	7	4	2	4	7		2	4	4	7	4	4		2	2	4	7	7	4	4	7	2	4	2	4	4
N. K. Jemisin		4	2	2		4	2	4	4	4	2	7	2	4	2	7	4	2	2	4	4	2	2	4	4	4	2	4	2	4
Fernanda Pistelli	7	4	2	4	2	2		2	2		4	4	7	7	4		0	2			2	0	2	2	2	7	4	7	4	7
Darren Slade	4	4	4	4	4	4	2	4	4		2	2	4	2	7	4	2	2	4	4	7	2		7	7	4	2	2	2	7
Mark Z. Danielewski	2	2	4	4		4	2	2	7	4		4	2	7	7	4	7	2	7	7	4	2	2	7	7	4	2	4	4	7
Persuader			2	2		7	7	4	4	4	2	2	4	4	2	4	7	4		7	2	2		4	2	2	2	2		2
Maxime Vachier-Lagrave		2				7	4	4	2	4	4	2	4	7	4	7	7	4	0	4			2	2	2	2	2	7	2	7
Thiago Silva	4	4		2		2	2	2			4	4	2		2	4	2			2	2	2	2	4		2	7		2	7
Conor McGregor	2	2	2	4		4	4	4	4	4	2	7	7	7	4	2	2			2	4	4	7	7	4	2	2	2		2
Chris Martin			2	2		7	4	4	4	7	4	4	4	4	7	4	2	4	2	2	2	2	2	2	4	2		2	4	4
Neil Gaiman		2	0	2		7	2	7	4		0	4	4	2	2	4	4	2	4	4	4	4		2	2		0		2	2
Chris Stuckmann		2	2	2		4	2	4	4	0	2	7	2	2	2	7	2	2	2	4	2	2	2	4	2	2	2	2	2	2
Shérine	7	4				4	2	4	2		7	7	7	2			4			4		2	2			7	7		7	7
Kate Siegel	4	4	2	7	7	2	2	2	7		4	4	7	2	7	0	0	2	4	2	7	4	2	7	7	4	2	2	2	4
Elvis Presley						7	7	7	7	0	7	2	7	7		4	4	4		4		2								4
Paul Simon		2		2		4	4	2	4			4	2	2	2	7	4	7	4	7	2	4		2	2	7	7	4	7	7
Igor Mendonça			2			7	4	4	2	4		4	4	4	4	7	4	2	2	4	2	2	2	4	2	2	2			4
Lana Del Rey	7	7			4	2		4			4	4	7	2			4			2	2	2	0		0	7	7	2	7	2
Francesca Eastwood	4	7	4	4	4	2		2	2		4	4	4	4	2		2	4	2		2	4	2	2	2	7	4	4	7	7
Dionna Chambers	2	4	2	4	0	4	4	7	7	4	7	7	7	4	7			2	4		4	4	4	7	7	2	2	2	2	2
Tim Schwartz	4	4		2		2	2	2	2		4	4	2	4	2	4	2	4	4	4	2	2	2		0	7	7		4	4
Hans Niemann			2			7	7	4	4	4	4	4	4	0		4	7	4		4	2	4	4		4					
Vladimir Kramnik			4	2		7	7	4	7	4	4	2	4	2		7	4	4	2	4	4	4	2	4	2		2			4
Tim Burton			2	2		7	7	7	4	7	7	4	7	7	4		2	2	2	2	4	4	2	4	7		2	2	2	4
Karl Popper	2		4	2		4	7	7	7	4		4	4	2		7	4	7	4	7	7	4	0	4	4	4	2	4	7	7
Bernardo Kastrup			4	2		7	4	2	2	4	4	2	2	4	7	4	7	4	2	7	4	4	4	4	4	2			2	4
Lionel Messi		2		0		7	4	7	4		2	7	7	4	2	7	2	2	2	2		2	2	2			2		2	2
Magnus Carlsen		2		0		7	4	7	7	7	4	4	7	7	4	4	7	7	2	4		2	2	2	2	2	2		2	2
Garry Kasparov	4	7	4	7	7		2	4	4		2	2	4	4	2	2	4	7	4	4	7	7	4	4	7		2	2	2	4
Judit Polgar	2		2			4	7	2	2		2	4	2	4	2	4	4	4		7	4	4	2		2		2			
Anatoly Karpov			2			7	7	4	7	2		4				4	7	7	2	7	7	4	4	2	0		2			
Michael Stevens	4	2	4	4	4	7	4	7	2	2	4	4	7	4	7	2	4	2	2	2	4	4	4	4	7			2		4
Anthony Gonzalez (M83)	2		2	2		7	4	7	4	4	4	4	7	4	2	2	2	2	4	2	4	4	4	2	4	4	4	2	2	4
Aeona Lucia	7	7	4	7	7	4	4	7	7	0	4	7	7	4	2	2	4	7	4	2	7	4	2	4	7	7	4	2	2	7
John Lennon	2	0	2	2		7	7	7	4	4	4	7	4	7	2	4	4	7	2	4	4	4	2	2	0	2	2		4	7
Michael Jackson	4	4	2	4	2	2	2		2		4	2	2	2	2		2	2		2	4	4	2	4	4	4	7	2	2	4
Vaia Tsolas	7	4	4	7	4		2	2			4	4	0		2		2		2	4	4	2	2	4	4	7	2	7	4	4
Safsom			7	4		2	7	2	2	7	2	2	2	4		4	7		4	7	4	4	2	4	4			4		4
Levi	7	4	4	4	7		2	2	4		2	4	0	7		2	7	4	2	7						7	4	7	7	7
Gary Linkov		2		2		7	7	4	4	4	4	7	2	7	2	2	2	2	4	2	2	2	4	4	2	0	0	4	2	2
Morrigan DeLucia			2	2		4	7	4	4	4	4	7	2	2	2	4	4	4	2	7	2	2		4	7	4	4	2	4	4
Vinh Giang	4	4	7	7	7	2			4		4	4	7	4	7		2	4	2		7	7	2	7	7	2			2	2
Robert E. Kahn	2		2	2		2	7		4	2						4	7	2		7	4	2	2	4	4					
Pierce Brown		2	2	4		7	7	4	4	4	2	4	7	4	4	4		4	7	2	4	2		4	7		2	2	2	2
Andrew Wiles	7	4	4	7	4	2		2	2			2		2			2	2	2	2	4	2			4	2	7	4	2	2
Douglas Hofstadter	2	2	2	4		4	7	2	4	4	2	7	2	2	2	7	7	4		7	2	2	2	4	7	2	4	2	2	7
Noah Kahan	2	2		4		7	7	4	2		4	7	4	2	2	2	4	2	2	2	2	2	2	4	4	2	2	2	2	2
Zainab Bangura		2	4	4		4	2	2	4	2		2	2	2	2	4	4	2	7	7	4	2	2	7	7		4	2		2
Alex Hormozi	7	7	4	7	7	4	2	2	4		2	4	4	4	4	2	2	2	2	2	7	4	4	4	7		7	2	2	2
Gloria White-Hammond	2	4	7	4	7	4	2	4	2		2	2	7	4	2	4	4	2		4	4	7		4	7			2	4	4
Trueno			2			7	7	7	7	4	7	4	7	7	4		2	2				2			2		2			2
Anton LaVey	2	2	0	2		4	4	2	2			4	2		2	7	7	4		4	2	2	2	4	2	2	7		2	2
Tim Berners-Lee	4	4	4	7	7	4	2	4	4	0	7	2	7		7	2	2	2	4	2	7	4	2	4	7		2	2	2	2
Mooji			4			7	7	2	4		2	2	7	4	2	4	4	7		7	4	2	0	2	7				4	2
Sara Seager	2		2				7	2				2			4	2	7	4		7	2	4		2						
Channy Leaneagh	7	7	2		7			2	4		2	4		7	0		2	4	0	2	2	2	2		4	4	4	4	7	7
Kevin Parker	2	2	2			4	7	4	7	7	4	4	7	4	4	2	2	4	2	0		2	2	4	2	7	4		2	4
Stanislav Grof		2	2	2		4	2	2	4	2		2	2	2	2	7	7	4	2	7	2	2	2	4	2	2	4	2	0	4
Brandon Cronenberg	2	2	2	4		7	7	4	7	7	4	7	7	7	4			4	0	2	4	2		4	7		2	2	2	4
Liam Payne		2	2	2		4	4	4	4	2	4	4	4	2	7				4		2	4	2	7	4	4	2			2
Demetrius Holt	2	2	2	4		7	7	7	7	4	2	4	7	4	4	2	2	4			4	2	2	2	7	0	4	2	4	2
Bruce Springsteen			2	2		7	4	4	7	4	4	4	4	7	2	4	4	4	2	4	2	4			4					
Cynthia Lennon	7	7	4	2	2			2	2			4	2	2	2			4	2	2	2	2			4	7	7	4	2	7
Guillermo del Toro			2	4		4	2	4	4	2	2	4	4	4	4	4	4	4	4	4	4	4	2	4	4	2	2		2	4
George R.R. Martin			2			7	7	7	7	4	2	2	2	4	2	4	7	7	2	7	2	4	0	2	2			2		4
Stanley Kubrick		2	2	4		4	4	2	2	4	2		2		2	7	7		2	7	4	2		2	4		2			2
Novak Djokovic	2		2	2		4	7	4	4		4	4	7	7	2	2	4	7	2	2	4	4	2	2	4				4	4
Steven Pinker	4	4	4	7	4		2	2	2		4	0	0	2	7		7	4	2	4	7	4		4	7	2	2	2	4	4
Bjarne Stroustrup			4	2		4	7	4	7	4	2	2	4	4		4	7	7	2	7	4	7	2		4		4			
Donald Knuth			0	0		7	7	7	7	4	7	2	2	4	2	2	4	7	4	7		4	4	2	2					
Katja Hoyer			2			4	7	4	7	2		4				2	7	4		7	4	2		2	7				2	4
Matt Ridley	4	4	7	7	2			2			4		0	2	2		4	4	2	0	7	7	4	7	7					
Martha Nussbaum	7	7	4	4	4			4			4	2	2		2		2	4		0	7	7	2	7	4	4	7	2	2	7
Debbie Harry	4	0		2		7	7	4	4	4	4	4	4	2	4	4	4	4	2	2	2	2	2	0	2	7	4	0	2	4
Kyle	2	2	4	4	4	4	7	2	2	2	2	4	0	2	2	4	4	4	7	7	7	2	0	4	7		4	2	2	4
Dakotah Tyler	4	4	4	7	7	2	2	4	7		7	2	4	4	7		0	2	4	4	4	7	4	4	7	2	2	0		4
Robert Sapolsky	2	4	4	4	4	4	2	4	2		7		4	2	4	2	4	4	2	4	4	7	7	4	4	2	2			4
Madison Beer	2	2	4	7		7	4	4	7	7	4	7	7	4	4			2			2	2	4	7	4	7	2	2	2	7
Arfa Karim	2	2	4	4		4	2	4	2	7	4	2	4	2	4	2	4	2	2	2	4	4	2	4	4	4	4	4	2	4
Irving Finkel	4	7	4	4	2	4		4	4		7		4	7	4		4		2	4	7	7	2	7	7					
Paris Hilton	4	7	2	4	2	2		2	2		2	4	7		2		2	4	2		4	4	4	4	2	7	4	4	2	7
Cathie Wood	7	7	4	7	2			2			2		2		4		4	4	0	4	4	4	2	4	7	2	2	4	2	7
Eddie Hall	4	4	4	4	4	4	2	2			2		2	2		2	4	4	2	7	4	4	2	4	7				2	2
Mike Tyson			2			4	7	4	4	2	4	2	4	7	4	2	4	7		4	2	4		2	7					
Oriana Fallaci	0	2	4	2		7	7	7	4	7	0	4	7	2	4	7	2	7	2	2	7	4	2	4	2	7	4	2	2	4
Douglas Murray	4	4	2	4	4	2		2	2				2	2		2	4	4	2	4	4	7	2	7	4	2	4	2	4	7
Stephen Wolfram			4	4	4	4	4	2	4	4	7		4	4	4	2	7	4	2	4	7	7	2	7	7					2
Albert Einstein	7		2				7	2		4	2	7	0		7	4	7	4		7	2	2			2	4	2		2	2
Sigmund Freud	2	4	2	2	4	4	4	0	2	2		2	4	7	2	4	2	4	4	4	7	4	4	2	7					7
Thom Yorke	4	2	2	2	0	4	4	4	2	7	4	4	4	4	2	2	2	2	4	2	2	4	2	2	4	4	7	2	4	7
Jennifer Doudna	7	7	2	4					2			4			2		4	4	2	2	7	7	0	4	2		2			4
Hilary Swank	7	7	4	4	4			2	2			4	2	2	4		2	2	4	2	7	7	4	4	7	2	2	2	2	4
Rosa Parks						7	7	2				2				7	7	7	2	7		2							4	
Kylie Minogue	2		4	2		7	4	7	7	7	4	7	7	4	7			2			4	4	2	2	4	7	4		2	7
Emmanuelle Charpentier	7	7	4	4	2			2			2	7	2	2	2						4	2	2	2	7	7	4	2	4	4
Richard Carrier	4	4	7	7	7	2	2	2	7		2	4	2	4	2	2	2		7	2	7	4	4	7	7	2	2	2		2
Nadia Murad	7	7	2								2	2	2								4			4	2	2	4	2	4	7
Alexandr Wang	2	2	2	4		4	4	4	7	7	7	7	4	7	4	2	2	4	2		7	4	2	7	7		2	2	2	2
Osama bin Laden	4	7	4	4	4	2					2	4					4			2	4			0	7	4	7	2	7	4
Jonathan Nolan	4	4	7	7	7	2		2	4		2	4	4	2		2	2	4	4	2	7	4	2	7	7	0	4		2	4
Chloe Zhao	4	7	7	7	2			2	2		2	2	4		4		2	2	2	2	4	2	2	4	4	4	4	4	4	7
Randall Munroe	4	7	2	2	4			2	2		4	4	2	2	2					2	2	4	2	4	4	4	7	2	4	7
Terence Tao	4	4	4	4	2	2	2	2	4		4	4	4	2	4	2	2	2	4		2	2	2	2	4	4	7	4	4	2
Jennifer Bagnaschi	7	4	7	7	2	2	2	2	2		2	2	2	2	4	2	4		2	4	4	4	2	4	7	2	2			2
Akiane Kramarik	7	7	4	4	4	2		4	4		4	2	7	7	2					2	2	4		2	4	4	7	7	4	7
Karen O	4	4	7	4	2	2	2	2	2		4	2	2	4			2	2			2	2	4	2	4	7	7	2	4	4
Adolf Hitler	7	4	7	7	7		2				2	2	2	2			4		2		7	7		7	7	4	2	2	0	7
Bong Joon-ho	2	4	2	2		4	4	4	4	2	2	7	2	2	2	7	4	4		4	4	2		4	2		2	2	0	4
Daniel Kessler			2			7	4	4	4	4	7	7	2	4	2	4	2	4	2	4	2	2			2			2		2
Che Guevara			2	2		7	4	2	7	7	4	4		2		4	4	7	4	4	4	2	2	2	2		2	2		2
Chris Cornell			2	2		4	7	4	4	4	4	7	2	7	4	4	2	2	4			2	2	2	4	4	2	2	2	4
Eddie Vedder	4	4	2	2	7	2	2	4	4		2	4	4	4	4	7	4	4	4	2	2	2	2	2	4	4	7	4	2	4
Alicia Atout				2		4	4	7	2	4	4	7	4		7						4	4	2	7	4	2				2
Ranton	2	2	2	4		7	7	7	7	4	4	7	7	7	2			2	4		2	2	7	4	4	2	2	2	2	4
Sadhguru		2		2		7	4	4	7	4		4	4	2	2	4	4	7	2	2	7	4	2	7	7		2			2
Jonna Jinton	7	7			2	0		4	4		4	4	4	4							2	2			2	7	4	2	2	4
Becca Tarnas	4	4		2	4	2		4	4		4	4	4	4					2		4	2	2	2	7	4	7	4	4	4
Ben Schneider			2	2		4	7	4	4	4	4	4	4	7	2	2	2	2				2	2	2	4	2	7	2	4	2
Michal Bar-Asher Siegal	4	7	7	4	2	2		4	2												4	4		2	7	7	4	7	4	4
Israel Knohl			4	4		7	7	2	2	7				4		7	4	4	4	7	4	2		2	7			2		2
Mercer Mayer	2		4	2		4	2	4	4	7	4	4	4	4	7		2		2	2	2	4	4	4	4					2
Michelle Phan	7	7	4	7	7	2	2	4	4		4	7	4	4	4			2	4		4	4	2	4	7	7	7	2	2	7
Trent Reznor						7	7	7	4	4	4	4	4	7		2	4	7	2	2	4	4	2	2	4	2	4	2	4	4
Kurt Cobain						7	7	4	4	2	4	4	4	7		4	4	4	2	2		2								2
Paul Banks	0	0	0	0	0	7	7	4	2	0	4	4	7	7	0	2	7	4	0	4	0	0	0	0	0	0	4	0	2	4
Ryan Higa	4	4	2	2		4	4	4	7	4	2	7	2	4	2	2	0	2	4		2	2	2	4	7	2	2	2	2	7
Katherine Fauvre	7	7	7	7	4							2			2		4			2	7	4		4	4	2	2	2	2	7
Michel Houellebecq			2			7	7	4	4	7	4	4	4	4	2	7	7	7		4	2	2	2	2	2	2	2			2
Elem Klimov	2		2	2		4	7		4	7		4		2		7	7	4		7	2				2	2	7		4	2
Ridley Scott		2	2	2		7	2	4	7	2	2	2	2	7	4	4	4	4	2	4	4	2	2	4	7		2	2	2	2
Clint Eastwood	2		2	2		2	4	2	7	7		2	2	2		4	7	7	4	4	2	2	2	4	4	2	2			2
Martin Heidegger			4			4	7	2		4		2				7	7	7	2	7	4	2		2			7		4	
Willard Quine			2			7	7	4	4	4		4				7	7	7	7	7	4	2			2		0	2	4	4
Ilya Sutskever	4	2	4	4		4	4	7	4	2	2	2	4	2		4	7	4		7	4	2		4	7	2	4	2	4	4
J. Robert Oppenheimer	2	2					7				2	7	2		2	7	7	4	2	7	4	4					4	2	7	4
Bertrand Russell	4					2	7	2				2				7	7	7	4	7	7	2		4		2	7		4	2
Jessica Alba	7	4	4	7	4	2	0	2	4		2	7	7	4	4		2	4			4	4	4	4	7	7	2	7	2	7
Harry Styles	2	2		2		4	4	4	4	4	4	4	7	4	2	2	2	7	4	2	2		2	2	2	2	7	2	4	7
Frank James			2	4		7	4	4	4	7	4	4	4	7	4			4	2		2	4	2	2	4		4	2	2	2
Sergio Leone						7	7	4	4	7		4				7	7	7	4	7	2	2	4				2			
Zayn Malik			0	2		7	7	7	4	4	7	4	7	7	2	2	2	2			2	2	4	4	2	2	2	0	2	4
Aubrey Marcus	4	4	4	4	7	2	2	2	4		2	7	2	4	7	2	2	4	2	0	4	4	2	7	7		2			2
Tyson Ritter	4	2	2	2		7	4	2	4	7	4	4	4	4	7			4	2		2	2	2	2	4	4	2		2	4
Umberto Eco			2	4		7	4	2	7	7		4	2	4	2	7	7	4	4	4	4	4	2	2	4				2	2
Matt Reeves	7	7	7	7	7			2	4		2	7	2	4	7		2	2	7		7	7		7	7		2		2	4
Elliott Hulse	2	2	7	4	7	2		4	2		4	4	7	2			2	2	2		4	4	2	4	7		2		2	2
Katie Bouman			2			7		4	7	4	7	2	4		7		4		2		2	4		7	2					
Rihanna	2		4	4		7	7	7	7	7	4	4	7	2	4			4			7	4	2	4	4	7	4		2	7
Christopher Hitchens		2	7	4		4	4	2	4	4	2		2	4		7	4	7	2	4	4	7	2	2	4		4	2		4
Ryan George		2	2	2		7	7	7	7	4	7	4	7	7	7			4	2		2	2	4	4	4		2		2	2
Chelsea Wolfe	2	4			2		2	2			2	2	4	2			2	2								4	7	2	4	4
Matthew Bothwell			4	2		4	4	7	7	4	7	2	7	7	2						2	4	2	7	2		2			
David Tong			7	4		4	4	7	4	4	7	2	7	4	4		2			2	2	7	2	4	4					2
Piers Morgan	4	2	4	7	4		4	2			2		2			4	4	2	2	4	4	4	2	7	7					
Jonathan Haidt	4	7	4	4	2			2	2			4		2	4			4	2		4	4	2	4	7		4		2	4
Serge Haroche			2			7	7	4	4	4						7	7	7	2	7	2		2		2					
Helen Swift			2				4	4		2	2		4		2	2	7	0	2	7	7	4	2	4		2				4
Kirsten Dunst	4		2	2		7	4	2	4	4	2	4	2	7	4		2	2			4	4	4	4	7	4	2	2		4
Tobey Maguire	7	4	2	2	7	2	2	2	2		0	4	4	2	7			4	4		2	4		2	7	4	4		4	7
Alex Garland	4	4	7	7	7	7	4	2	4		2	7	7	7	2	2	2	7	4	0	7	4	4	4	7		4		4	2
Brian Wilson		2	2	2		4	7	4	4	4	4	7	2	4	4	4	4	4	2	4		2	2	4	2	2	4			2
Dame Darcy	7	4			4	2	2	4			4	4	4	4	2							2	2		2	7	2	4	2	7
Max Richter		2	2	2		4	2	4	7	2	2	2	2	7	2	7	4	4	7	4	2	2	2	2	4	2	2	2	2	4
Brandon Boyd	7	4	4	4	4			2	2		4	4		2					2		2	4		2	4	4	7	2	4	7
Eva Holbrook	4	4	2	4	4	2	2	2	2		4	4	2	4	2		2	2				2		2	2	4	4	7	2	7
Antonia Dodge	4		4	4	4				0		2	4	2	2	2			2	2		4	7		7	4	4	2	2	4	4
Andy Samberg	2	4	4	4		4	7	4	4	7	4	4	4	7	4	2	2	2			4	2	4	4	7	2	2			2
Zack Hemsey	2	2	2	4		4	4	4	7	4	7	4	4	7	4	0	2	2		0	4	4	4	7	4		2			
Nina Hagen	7	7	4	4	4	4	2	2	4	2	2	7	7	7	4		2	4		2	7	7	7	7	4	4	7	2	2	4
Kate Winslet	7	7	4	7	4	2	0	2	2		0	2	2	2	2	0	0	2	2	4	7	7	2	4	7	2	2		2	4
Jacques			0			7	7	4	7	4	7	7	7	4	4	4	2	7		2		4		2	4	2	2	4	2	2
Frank Zappa	4	7	2	0	2	4	0	2	0	4	4		7	4	4	7	4	7		2	7	7	4	7	2	2	2			2
Cillian Murphy	2	4	2	2		4	4	4	7	4	4	4	2	4	7	4	4	2	2	4	4	2	2	4	7	2	2	2	2	4
Bryan Johnson	7	7	4	7	2			2	2		2	7	0		2			2	2	2	2	2	2	4	7	2	7	7	4	4
Greg O'Gallagher	2		4	2		7	4	4	4	7	7	2	4	4	2			4			2	4	0	4	7		7	4	4	
Sarah Shahi	4	2	4	4	7	2	4	4	2		4	2	4	4	2						4	4		7	4					
Ken Stornes			2	2		7	7	4	2	4	4	4	7	2	4	2		4	2		2	4		2	2		2		2	
Robert F. Kennedy Jr.	4	2	7	4	2	4	4	4	4	7	2	2	2	2	2	4	4	2	2	4	4	4	4	2	7	2	4		2	4
Gregory Koukl	7	7	7	7	7						2		2	2	2				4		7	7	4	7	4					
Bishop Barron	2	4	7	4	7	4	2				4	2		2		4		4	7	2	7	7	2	4	7				2	
Simone Simons	7	7	2		4	0		2			4	4	2	0					2		2	2	2	2	2	7	7	2	7	4
Poppy	7	7							2		4	2	2	2	2		4			0						7	7	2	4	4
Ken Liu	4	2	2	7	0	7	4	4	7	7	4	2	7	7	7	2	0	4	7	2	7	7	4	4	4	7	7	2	2	7
Laura Marling	7	4	4		4				2		2	2	2	2	2				2		2	2				7	7	2	7	4
Pete Davidson						7	7	4	4	2	7	4	7	7	4			2							2				2	4
Adama Traore	2					4	7	4	2	4	7	4	4	2	4	2	4	4	2	4		2				2	4		4	2
Dario Nardi			2			7	7	4	7	7	7	2	7	4	4			2			2	7	2	4	4		7		2	
Josh Richards			2			7	7	7	7	7	7	4	7	7	2			2				2		4	2					2
Gillian Anderson	4	4	4	4	2	2			2			2	2	2	4		2	2	2		7	2	2	4	7	7	2	2	2	7
Megan Fox	7	4	4	4	4	2	2	2	4		2	7	2	7	2		2	2				2	2	4	4	4	7	4	2	7
Xi Jinping	2		2			4	7	4	2	4		2				7	7	4		7	2	2		2						
Lalisa						7	4	2	4	4	2	4	4	4	2			2			2	2		2	2	4	2	4		7
Roger Scruton			2	2		2	2		4	2	2	2			2	7	7	7	2	7	4	2	2	4	4		2	0		2
John Demartini	7	4	7	4	4		2		2		2							2		2	4	7	7	7	4		2		2	2
Isaac	7	7				0		2			2	4					2	2		2			2			7	4	2	7	2
Thales	4	4	2	4	7	2		2	2		4	2	2	4	2										4	7	7	2	7	7
Reese Regan	2		2	0		4	7	2	4	4	4	2	4	7	4						0	4	2	4	4					2
Paul Adefarasin	4	4	7	7	4		0		2						4	2	2		2	2	7	7	4	7	7					2
Aushra Augusta	7	2	7	7	4		4			0				2	2	4	7	4	4	7	7	2		7	7					
Nicole Hause		2				2	4	2	7	7	4	2	4	7	2	4	7	4		2		2	4	2	2	0	0			2
David McDonald	4	4	2			2	4	2			2	2					2	4		2		2	2		4	2	4	2	7	2
Jamila Musayeva	7	7	7	7	7							4					4			2	2			2	4	7	2	7	4	7
Wenzes	4	7	7	4	4			2				2	2	4				2	2		4	4	2	7	4					2
Sharon Gannon	7	7	4	7	4			2				4	4		2		2			2	7	4		0	4	7	7	4	7	7
Clay Arnall	7	4	7	7	7	4	4	4	4	2	4	7	2	4	4	2	2		2		4	7	4	7	7	4	4	2	2	4
Robert A. Wilson			2			4	7	2	7	7		2				7	4	7	2	7	2	2			2					
Rampal Ji Maharaj			2	2		7	7		4	7				2		7	7	4		7	2	2			4				2	2
Jade Tan-Holmes	4	2	4	2		2	2	4	7	4	7	7	7	4	7		2			2	4	7	7	4	2			2		2
Katherine Heigl	7	7	7	7	7	0	2	4	7		2	7	4	4	7		2	2	2	2	7	7	2	7	7	2	2		2	2
Les Carter	4	7	4	2					2		2		2	2	2	2	4	2	2	4	4	7	4	7	4					
Ramani Durvasula	4	4	7	4	7	4	2	4	2		4	0	4	2	7			2			7	7	4	7	7					
Sam Vaknin	4	7	7	7	4	2					4		2		4		2	4	2		7	7	4	7	7					
Steven Tyler		2	4	2		7	4	4	4	7	7	4	2	4	4	2	2	2	2		4	2	4	7	4		2			4
Howard the Printer	4					4	7	2	7	4	2			4		4	7	4	4	7				2						2
Melissa Dougherty	7	4	7	4	2	2	2	2	2	2	2	7	2	4	2	0	2	2	2	2	2	4	4	7	7	2	2	0	2	4
ButHa			4	2		4	4	2	4	4	4	4	4	4	2			2	2		4	2	2	4	4			2	4	2
Olivia Rodrigo	4	4					2	4	4	4	4	4	2	4	7							2		4		4	4	2	2	4
Gerald Edelman			2	4		2	2	2	4	2			2	2	2	7	7	4	2	7	2	2	2	4	4		2		2	4
Carolyn Elliott	4	7	4	4	7	0	0	2	2		2	4	2	4	4	4	2		2	2	7	7	2	7	7		2	2	4	7
Gervonta Davis				4		7	7	7	4	2	7	4	4	7	4	2	2	4	2		2	2	2	2	2	2	2	2	2	2
Hania Rani	7	7	4	4	7	2	0	2	4	2	4	7	4	7	7			2			2	4	2	4	4	7	7	4	2	4
Torie Bosch	2	2	4		0	4	4	7	4	4	7	4	7	2	7		2	2			2	4	2	7	2	4	4	2	4	2
Marisa LaBlue			4	2		4	7	7	4	2	7	4	7	4	2		2			2	0	2	2	4	2					2
Shohreh Aghdashloo	4	4	7	7	4	0		4	2		2	4	2	2	2	0	2	4	2		7	7	2	4	7	2	2	2	2	4
Avicii	0	0	2	2	2	7	4	7	7	4	7	4	7	7	4	2	2	4	2	2	2		4	4	2		4		2	
Joe Dispenza	4	2	4	7	7	4	4	4	4		2	2	7	4	2	2	0	4	2	2	4	7		7	7					2
Marina Abramovic	7	4	2	4	4		4					2				0	4	2		7	2	2	2	2	2	7	7	2	2	2
Brett Cooper	2	2	7	7	2	2	2	4		2	7	2	4	2	4		2	2			4	7	2	7	7					2
James Lindsay	7	7	4	2	7				4			2	0	4	4	2	2	4		4	7	7	4	7	7				2	
Mike Holtz			2	4		4	4	7	7	7	7	2	7	7	7			4	2	2	4	4	2	7	7			2		
Julian Gewirtz	7	4	4	7	2		2			2		2			2		4	2		4	4	7		4	4				2	
Gabriel Barkay			2			7	7	2	4	7		2		2		7	7	7	7	7	2	2		2	2		2		2	2
Thyssen			2	4		7	7	4	2	4	4	2	4	4	2	4	7	7		4					2	2	2		2	4
Dave Soldier			2	2		4	4	4	4	2	4		7	4	2	4	7		4	7	4	2	2	2	2	0	4	2	2	2
Cher	7	7	2	2	2					2	2	7	2	2	0					4	2	2		2	2	7	2	2	7	7
Justin Trudeau	4	4	7	4	4		2		4		4		4					4	2	2	4	7	2	4	4				2	2
King Charles III			4	2		7	7	4	4	4	2		4			4	4	7	4	7	4	7	2	2	4		2	2	2	2
Bob DuHamel			4				7			7		2				2	7		4	7	2	2		4	2					
Roanna Chan		4	4			2	4	4	4	7	7	7	4	4	4					2	2	4		4	4		2	2	2	2
Abdel Fattah el-Sisi	4		2			2	7			4						4	7	2	7	7	2	4			2					
Noam Chomsky		2	2			4	7		4	7				2		2	4	7		7	4	4	4	4	2	2		2	4	4
Frank Turek	7	4	4	4					2				2			2		2	2	2	4	7	2	7	7					2
Courtney Violetta			2			4	7	2	4	4	4	4	4	7	4						2	2		4	0					0
Sam Harris																														
Christian Hudson																														
Emma Anzai																														
Tony Hawk																														
Zella Day																														
Zoe Saldana																														
Skylar Grey																														
Michael Pitt																														
Marques Brownlee																														
Elon Musk																														
John Barnes																														
Alyssa																														
Jamie Chung																														
Kilian																														
Margot Robbie																														
Mia Wasikowska																														
Amy Cuddy																														
Lynn Hoag																														
Jared Leto																														
Hayao Miyazaki																														
Alerith																														
Arin Crumley																														
Alanis Morissette																														
Bella																														
Chris Corner																														
Erutan																														
Gage																														
Kiyarii																														
Mary-Kate Olsen																														
Nadia																														
Rooney Mara																														
Ashley Olsen																														
Becks																														
Martha Beck																														
Robert Spitzer																														
Auburn																														
Cosmo																														
Linus																														
Craig Kilborn																														
Ryan Stiles																														
Steve Carell																														
Elizabeth Warren																														
Joe Rowling																														
Brene Brown																														
Catherine																														
Richard Dawkins																														
Barbara Sher																														
Colin Mochrie																														
Ayn Rand																														
Tanmay Bakshi																														
Tim Allen																														
Tina Fey																														
Tony Darnell																														
Liza Former																														
Loretta																														
Rachel Maddow																														
Savannah Guthrie																														
Stephen Colbert																														
Belinda Luscombe																														
Germaine Greer																														
John Carmack																														
Joy Behar																														
Ken Jennings																														
Mitt Romney																														
Robert Meaux																														
Abby Lee Miller																														
Amy Schumer																														
Anna Kendrick																														
Gene Roddenberry																														
George Lucas																														
Hugh Bonneville																														
James Cameron																														
JRR Tolkien																														
Ben Sasse																														
Bill Maher																														
Bob DeMaria																														
Carl Reiner																														
Erin Brockovich																														
Ted Cruz																														
Terri Orbuch																														
Tom Hanks																														
Tucker Carlson																														
Beatrice Chestnut																														
Philip DeFranco																														
Rebecca Watson																														
Safiya Nygaard																														
Scott Pruitt																														
Sophie Bushwick																														
Kelly Eckerman																														
Lauren Southern																														
Lindsay Ellis																														
Loren Grush																														
Michael O'Donnell																														
Blaire White																														
Chris Wallace																														
Drew Barrymore																														
Fran Lebowitz																														
Jake Tapper																														
Wynonna Judd																														
Max Tegmark																														
Mike																														
Abby Hafer																														
Anthony Mason																														
Topher Grace																														
CK																														
Diana																														
Josh Homme																														
Geoff Keighley																														
Gloria Borger																														
Hugh Laurie																														
Robert Downey Jr.																														
Rosie O'Donnell																														
Richard Feynman																														
Amy Poehler																														
Camille Paglia																														
Charlie Sheen																														
Chunt																														
Wendy Walsh																														
Bill O'Reilly																														
Donald Trump																														
L. Ron Hubbard																														
Patricia Routledge																														
Maureen O'Hara																														
Mike Huckabee																														
Monica Lewinsky																														
Norah O'Donnell																														
Jair Bolsonaro																														
Kristen Hadeed																														
Liz Hernandez																														
Maria Shriver																														
Mary Hellen Bowers																														
Scott Adams																														
Ann Romney																														
Ashley Judd																														
Ben Shapiro																														
Carly Fiorina																														
Mark Zuckerberg																														
Kurt Hugo Schneider																														
Bob Odenkirk																														
Jamie Hyneman																														
Julia																														
Mark Rylance																														
Bill Hicks																														
Blake																														
Scott Walker																														
Laughter																														
Mike Reeves																														
Peter Welch																														
Giff Nielsen																														
Jay Inslee																														
John Kerry																														
Laura Miller																														
Brian Williams																														
David Axelrod																														
Elizabeth May																														
Joe Flint																														
Joss Whedon																														
Ben Carson																														
Edward Witten																														
Fred Rogers																														
George W Bush																														
Leonard Cohen																														
Mark Kessell																														
R. Kelly																														
Fredrik Barth																														
Keith Raniere																														
Paul Ekman																														
Ra Uru Hu																														
Thomas Moore																														
Tom Petty																														
Bill Nye																														
Mary Douglas																														
Richard Schechner																														
Steve Bayard																														
Joe Biden																														
Nelson Mandela																														
Quavo Marshall																														
Emeka																														
Supah Protist																														
John Beebe																														
Kendrick Lamar																														
ASAP Ferg																														
Crimson																														
Dave Chappelle																														
Juice WRLD																														
Tom Hardy																														
Tyrese Gibson																														
Zombies																														
Paul Rodriguez																														
Ryan Sheckler																														
Jetplane																														
Brendan Fraser																														
Edgar																														
EJArendee																														
Marshall Mathers																														
Leonardo DiCaprio																														
Lil Baby																														
Nicholas Hoult																														
Zac Efron																														
Cody																														
Camila Cabello																														
Chance Bennett																														
Gabby Douglas																														
Justin Bieber																														
Kendji Girac																														
Smoggy																														
Staas																														
Auburn Williams																														
Ben Affleck																														
Beyonce																														
Rachel Oates																														
Joji																														
Lil Yachty																														
Animal																														
Joseph																														
Josh Constine																														
Kaley Cuoco																														
Kati Morton																														
Keira Knightley																														
Kristen Ritter																														
Dianna Cowern																														
Isabela Moner																														
James Charles																														
James Dean Bradfield																														
Alice Dolphin																														
Skepta																														
Tyga																														
Bera																														
Daniil Trifonov																														
Ali-A Army																														
Megan																														
Meghan LeVota																														
Sabina																														
Jessica Chobot																														
Selena Gomez																														
Kim Kardashian																														
Kodak Black																														
Lorde																														
Luke Pritchard																														
Mango																														
Emma Stone																														
Hailee Steinfeld																														
Hayley Kiyoko																														
Jasmine																														
Kendall Jenner																														
Billy Idol																														
Claire																														
Dakota Fanning																														
Dean Blunt																														
Elle Fanning																														
Bhad Bhabie																														
6ix 9ine																														
Alessia Cara																														
Amanda Seyfried																														
Bam Margera																														
Lindsay Shepherd																														
Rosemary Gotto																														
XKCD Hat Guy																														
Thana																														
21 Savage																														
Teal Swan																														
The White Rose																														
Zinnia Jones																														
Jeremy Rys																														
Diana Lee Davison																														
Heather Wildwood																														
Ingrid Newkirk																														
Marie Von Franz																														
Rebecca Solnit																														
Sandy Munro																														
Sarah Coakley																														
Adi Da Samraj																														
Baris Ilhan																														
Justine																														
Noah																														
Pucokie																														
Quin																														
Fabiano Caruana																														
Carolyn Zaikowski																														
Chuck																														
Michael Pierce																														
Andrew Kirby																														
Shauna Shapiro																														
Tamar Ross																														
Humberto Maturana																														
Nichol Bradford																														
Raymond Tallis																														
Roger Penrose																														
Sandra Maitri																														
AH Almaas																														
Antero Alli																														
Carl Jung																														
Gayatri Spivak																														
Larry King																														
Robert Aaron Gulick																														
Roger Woolger																														
Rupert Sheldrake																														
Thomas Bergman																														
Thomas W Campbell																														
Leahnora																														
Lynette Evans																														
Mahasweta Devi																														
Morgan Freeman																														
Ray Kurzweil																														
Elaine Aron																														
Garrison Keillor																														
Guy Lyon Playfair																														
Iain McGilchrist																														
Isaac Asimov																														
Acharya Rajneesh																														
Andrea Rugh																														
Claudio Naranjo																														
Ekhart Tolle																														
Anne Hathaway																														
Matthew Gray Gubler																														
Rebecca Hall																														
Tara																														
Aadel Tschudi																														
Lawrence Krauss																														
Lights Bokan																														
Robert Bryson Hall																														
Tim Minchin																														
Trace Dominguez																														
Cliff Stoll																														
Eva Green																														
Hank Green																														
Imogen Heap																														
Jim Carrey																														
Peter Bonde																														
Anahata Ananda																														
Christina Perri																														
Chuck Thomas																														
Ozman																														
Puffs																														
The Overly Emotional																														
Elizabeth Olsen																														
Mark																														
Bret McKenzie																														
Eliza Dushku																														
Michael DiMartino																														
Avril Lavigne																														
Bill Wurtz																														
Andrew Bird																														
Andrew Hozier																														
Shelley																														
Vanessa Woods																														
Zephyr Teachout																														
Josh Groban																														
Robin Williams																														
Felicia Day																														
Linda Liukas																														
Sander																														
Robert Llewellyn																														
Sabrina Cruz																														
Tana Mongeau																														
Tim Urban																														
Wally De Backer																														
Landon Dowlatsingh																														
Linus Sebastian																														
Mikey Chen																														
Miley Cyrus																														
Mo O'Hara																														
Jennifer Paine																														
Jon Rettinger																														
Jonathan Jafari																														
Jonathan Ross																														
Laci Green																														
Eric Cornell																														
Evanna Lynch																														
iDubbbz																														
Jenna Marbles																														
Jennifer Lawrence																														
Catherine Valdes																														
Chloe Agnew																														
Craig Ferguson																														
Drew Endy																														
Eesha Khare																														
Keso																														
Regina Spektor																														
Sean																														
Albinwonderland																														
Andre Meadows																														
Skua Grey																														
Space Man																														
Taliesin																														
Janis Asare																														
Jenny																														
Nigel																														
Phil Lester																														
Quinn Evans																														
Reve																														
SC																														
Kate Micucci																														
Kristen Schaal																														
Marc																														
Matt																														
Meghan Telpner																														
Farrah																														
Faye																														
Florence Welch																														
Charlene Yi																														
Emilie Wapnick																														
Britney Spears																														
Calypso																														
Anna Elspeth																														
Anthony Agwu																														
Aurora Aksnes																														
Olimpia																														
Xailynne																														
Allison Raskin																														
Amy Lee																														
Holly Henry																														
Miranda Kerr																														
Natalie Portman																														
Kate Bush																														
Madonna																														
Marilyn Monroe																														
Prince Nelson																														
Diana Frances																														
Jackie Kennedy																														
Janet Jackson																														
Janie																														
Joni Mitchell																														
Arianna Huffington																														
Joan Baez																														
Alice Kristiansen																														
Bjork																														
Vashti Bunyan																														
Jill Stein																														
Susan Cain																														
Ingrid Betancourt																														
Pine																														
Selena																														
Zoe Kaiser																														
Chet Baker																														
Fayest																														
Kailia																														
Kimberly Beswick																														
Meredith Godreau																														
Sharron																														
Tada																														
Tori																														
Ciscandra Nostalghia																														
Claire Wright																														
LadyNerdSky																														
Melinda																														
Michael H																														
Paula																														
Sara																														
Amanda																														
Amy																														
Frida																														
Hannah																														
Julie																														
Barack Obama	7	4	7	7					2				2		2	0		7	4	4	7	7	2	2	7	2	7	2	4	2
Tom Hiddleston																														
Heresy																														
Michael B																														
Alain De Botton																														
Terry Crews																														
Jordan Greenhall																														
Leslie Odom Jr																														
Yuval Harari																														
John Glaser																														
John Iadarola																														
Jon Bernthal																														
Michael Strahan																														
Orlando Bloom																														
Sammy Hagar																														
Charles Manson																														
Chase Jarvis																														
C.S. Joseph																														
Dwayne Johnson																														
Eddie Murphy																														
Jill Biden																														
Paul Washer																														
Tom Cruise																														
Acslaterlol																														
Alex Jones																														
Tony Robbins																														
Wim Hof																														
Bernie Sanders																														
Brad Pitt																														
Harry Lennix																														
Kyle Kulinski																														
NT Wright																														
Rachel McAdams																														
Simon Sinek																														
Tai Lopez																														
Jimmy Bright Insight																														
Joshua Axe																														
Emma Watson																														
Heidi Klum																														
Iyanla Vanzant																														
Celeste Headlee																														
Charlie Houpert																														
David Miscavige																														
David Rubin																														
Devin Stone																														
Alex Becker																														
Becky Bailey																														
Ben INTJ																														
Ben Saltzman																														
Ben Sullins																														
Ocean																														
Leonard Susskind																														
Zbigniew Preisner																														
Carl Sagan																														
Jordan B. Peterson																														
Will Smith																														
Cate Blanchett																														
Francisco Varela																														
Kate Beckinsale																														
Malcolm X																														
Jocko Willink																														
Michael McCurdden																														
Niel DeGrasse Tyson																														
Randall Carlson																														
Shemar Moore																														
Shonda Rhimes																														
Andrew WK																														
Denzel Washington																														
DJ Khaled																														
Gisele Bundchen																														
Bruce Lee																														
Cesar Millan																														
Julian Assange																														
Martin Luther King Jr																														
Oprah Winfrey																														
Steve Jobs																														
Thomas Chenault																														
Tim Ferriss																														
Viktor Frankl																														
Al Gore																														
Mandy Patinkin																														
Patrick Stewart																														
Ralph Smart																														
Richard D Wolff																														
Sandra Bullock																														
Derek Muller																														
Drew Canole																														
Ian McKellen																														
James Fallon																														
Kazimierz Dabrowski																														
Abby Martin																														
Anna Kasparian																														
Bryan Cranston																														
Cenk Uygur																														
Clint Mansell			4	2		7	7	4	4	4	4	7	7	7	4	2	2	4	2	2	4	7	2	4	4			2	4	4
Gillian Welch	0					4	0	4				2	2	2	2	4	7	2	4	4	4	2	2	2			4	2	0	2
Marie-Ève Jobin	2	0	4	4	0	4	7	4	4	4	2	2	4	7	2	7	4	7	2	4	4	4	2	4	7	2	2	2	4	7
Bob Burnquist				2		4	7	7	7	7	7	4	7	7	4						2		2	4	4					
Titus Welliver	4	4	7	2	4	7						4	4	2	7	7	4	7		2	7	7	2	4	4		2		2	2
Pia Mia			2	4		4	4	4	4	7	4	4	7	7	2			2	2		2	4	2	4	7	7	4	0	2	4
Jordan Welch			2	7		7	7	7	7	7	7	7	7	7	2		0	2		2	2	2	2	7	4	2	2			2
Jenny Hval	7	7	7	7	2			2				2	4	2	4			2	2	2	2	0	2			7	7	7	7	7
Susan Yara	4	4	7	7	7		4	2	2		4	2	4	4	2			2		2	7	4	4	7	7	2	2	0		4
Tash Sultana				2		7	7	4			4	4	4	4	2				4		2			4	4	2	4		2	4
Tessa Thompson	7	4	7	7	4	2	4	4	2		2	7	7		2	2		4	7		7	4	4	4	7	4	7		2	7
M.I.A.			2	2		7	7	7	7	7	4	7	7	7	4	4	4	7	2	4	4	4	4	4	4	7	2	4	4	7
Sam Altman	2	7	4	4	4	2			2	2		4	2	2	2		4	2		2		4	2	2	2	2	7	7	2	
Olivia Wilde	7	7	7	7	4	2		2	4	0	2	4	2	2	4	0	2	2	4	2	7	7	2	4	4	4	4	2	2	4
Bianca Casady				2		7	7	2	2	2	4	4	4	4		4	2	7	7								4		2	2
Sierra Casady	2	2		2		4	4	4	7	4	7	4	2	7	4		2	2	0	2	2	4	2		2	2	4	2	4	2
Nils Frahm	2		4			4	4	2	4	7	7	4	7	7	4		2	7	2		4	4	2	4	7	4	7		7	2
Niin			2			7	7	7	2	4	7	7	4	4	4						2	2	2	2	2	4		2		7
Rose Byrne	7	2	7	7	4	4	4	2	4	2	4	2	4	4	7	2	0	4	7		4	4	2	4	7	7	7	4	4	7
Camila	2	2	4	4		2	4	4	4	7	7	7	4	2	7			2	4		4	2		7	4	7	2	2	2	7
Doe	7	7				2	4	4				7	2		4	2		4	2		2	2				4	7	2	7	4
Shika Chica	4	4	7	7	7	2		4	2		4	2	2	4	7			2	2	4	7	4		7	7		2			4
Essie Davis	7	7	7	7	4		2	2	4		2	4	7		4		2	2	4		7	7			4	4	7	7	4	7
Audra Miller						7	4	4	7	7	7	7	4	7	7			2			2	2	4	2		7				4
Jimmy Carr	7	7	7	7	7							2	2	4	4			2			7	7	7	7	7	2				2
John Jurasek			2	2		4	4	2		7			2	2	4	7	7			7	2	2	2	4	2	4				4
Dave Bayley			2	4		7	7	7	4	4	7	4	7	4	2			2			4	2		4	7	2				2
Richard Lindzen						2	2		2			2			2	7	7	4	4	7	2		2	4						
Richard Brody	4			2		2	4	2	4						2	2	7	4	4	4	4	4		4	4		2		7	4
Tang Wei	4	4	2		4	2		4	4		2	4	4	7	2			4			4	2	2	4	4	4	4	4	4	7
Brandon Sanderson	2		4	4	2	4	4	4	7	7	4	4	4	7	2			4	2		4	4	2	7	4					
Daniel Kaluuya						4	7	4	4	4	7	4	4	7	7						4	2	2	4			4	2		
George Scholey	0		2	2		7	7	7	7	7	7	7	7	7			2	2	2			2	2	4	2	2	2			2
Jillian Michaels	7	4	7	7					2			4			2			2	2		7	7		4	7		7			4
Sanaë Lemoine	7	4	7	7	4		2	4	2		2	4	4	2	4			2	2		2	2		4	2	4	7	4	4	7
Greg Alba	2	2	4	4		4	4	4	7	4	4	7	4	4	4			2	2		2	2	7	7	7		2			2
Scott Aaronson						4	4	7	4	7	7	2	4	4	4	2	7	2	2	7	4	7	4	4	4					
Heather Baron-Gracie	2	2		2		4	4	7	4	4	7		7	2	2	2	2	4	2		2	2		2	2	7	7	2		4
David Fincher	2	0	4	4	2	4	7	2	4	4	2	4	4	7	2	7	4	2	4	7	4	4	7	4	4					
Nina Kraviz	4	2	2			7	4	7	2	7	7	7	4	2	7								2	2	2	2	2		2	
Sorelle Amore	4	7	4	4	4			2	4		2	4	2	2	7			2	4		7	7	4	7	7		2		2	2
Dua Lipa	4	4	4	4	7		2		4		2	7		4				2			2	2	2	4	2	7	4	4	4	7
Raoul Pal	4	4	7	7	4	2	2	2	4		2	4	2	4	7		2	4	2		7	7	4	7	7		2		2	2
Joe Abercrombie				2		4	4	7	4	4	4	7	4	4	4		2		4		4	4	4	4					2	2
Dee	7	7	4	4	4	2	2	2	2		2	7	2	4	2	2		4	2		2	2			2	7	7	7	7	7
Vincent						7	4	7	7	2	7	7	4	7	4			4	4		2	2	2		2		2	2	2	2
Robert Eggers	4	4	4	2	2						4	2	4	7	2	4	2	2			4	4	2	4		7	7	4	4	4
Mustafa Al-Bassam			2	2		4	7	4	4	4	2	7	2			2	7	2		7					4			4	4	4
Brennan Lee Mulligan	7	7	4	4	4	2	2	4	4		2	7	4	4	4						4	7	4	7	4					
Ari Aster						7	7	2	4	2	4	4	2	7	2	2	4	4			4	4	2	2	2		2		7	4
Devi	7	7	4	2	2	2	2	4	2	2		4	4	4		4	2	2			2	4	2		2	4	7	7	7	7
Renaud Contini	7	7	4	4	7			2	2		2	7	4	4			4	7	4	2	7	4		7	7	4	7	2	4	7
Xavier	2	4	7	4	7	2	2	2	2			7	4	7	7		4	2			4	4	2	7	7	4	2	2	4	4
Peter Murphy		2	2	2		2	4		4		2	7	4	4	2	2		2	7	2						4	4	4	4	
Ron DeSantis	7	7	7	7				2	4			2	2		4		2	2	7		7	7		7	7				4	
Laura Mersini-Houghton		2	2	4		4	4	2	7	4		2		2		7	7	7	2	7	4			4	7		2	2	2	4
Ocean Ramsey	7	7	4	4	4				4			2	2	2	2			2	0	2	2			7	7	7	4	2	2	7
George Thompson	2		4			4	4	7	7	4	7		4	7	2		2	2			4	2	2	7	7	2				2
Alexis Karl	0	2	2	2	2	4	4	2	4	4	7	4	4	4	4	0	0	4	0	0	2	4	2	4	7	4	4	2	0	7
Julia Ducournau	4	4			4	2					4	4	4	4	2						4	4		4	4	4	7	4	2	7
Yungblud						7	7	4	2	2	4	4	7	2	7	2		2	2					4	2	4			2	
Famke Janssen	7	7	2	2			2	2	2		2	4	4					2			4	4		7	4	7	4	4	2	7
Greg Puciato				2		7	7	4	4	2	4	7	4	7	2	2						2	2	4	2	2	2		2	2
Vanessa Van Edwards	4	4	4	7	7	2	4	4	4		4	4	4	2	7			2	2		7	7		7	7					2
Samuel L Jackson		4		4		7	7	4	4	7	4	7	4	7	7	7	4	7	2	2	4	4		7	4	2	2	2	2	2
Patrick Warburton											4		4	2	4	4	4			4	7	7	2		4		4			4
Dr. Justin Sledge	2	4	2	2	2	4		4	4	4	4	4	4	4	2	7	4	7	7	4	4	4	2	4	4		4		2	4
Rick Owens	4	7	2			2	2	7			2	4	4		2	4	7	2	4		2	4		2		7	7	2	4	2
Maddie Ziegler				2		7	7	7		4	7	7	7	7	7			2			2	4		4	2	2	4			2
Ed Ruscha						7	2	7				2	4			7	7	7	7	7	2			2			7	2	2	
Anthony Edwards				2		7	7	7	4		7		7	7				2			2		2	7	2	2	4			2
Lawrence Weiner				4		2	2	2	4	7		2				7	7	4		7	2	2		7	4					4
Aaron Eckhart	7	4	7	7			2		2			2	2		4	4		7	2	2	7	7		7	7		2		2	2
Joseph Campbell	4	4	7	4	2	2		2				4	2		7	4	2	4		4	7	4	0	4	7					
David Sedaris	2		2	4		4	4	4		4	4	2	4	4	2	2	2	7	7	2	4	4	2	4	4	2	2		2	2
Aza Raskin	7	7		7	7				4			4		2					2		7	7		7	7	2	4	2	2	2
Jeremy Meeks			2	2		4	7	2	4	4	4	4	4	4	2				2		4	2	4	4	4	2	2		2	4
Israel Adesanya						4	7	2	4		2	7	2	7	2	2	2	2	7		2	2	4	4					2	
Dr. Zubin Damania	7	7	7	7	7				2			4		2	7		2	2	7	2	4	4		7	7		2	2		4
Kiun B			2	2		4	7		7	7	4	7	2	4	4			7			2		2		2			2		
Michael Huemer			2	2		7	7	2	7	7	4	4	4	7		4		4			2	2	2	4	4	2	2			4
Anderson Silva			2	4		7	7	7	4	4	7	4	7	4					2			2	4	4	2		7		4	
Melvin Manhoef	2					7	7	7			4	7	4	2		7	2				2	4	4	2					2	
Blake de Pastino	4	7	2	4	7	4	2		4		2	4		7	2	2	2	2	2	2	4	2	2	7	4	2	4	2	2	7
Kallie Moore	4	4	4	4	4	2	4	2	4		2	4	2	7	4	4	0	2			7	4	2	7	4	4	7	2	2	7
James Ransone			2	2		7	7	2	4	7	2	4	2	7	7			7	7	2	2	2	2	4	4	0	2	0	2	2
Drake Bell	0			2		7	7	4	7		4	2	4	7	2	2		4	4	2		0		4	2	2	4		0	
Ariana Grande				2		7	7	7		2	7	4	7	2	4				2		2		2	7	2	2	4			
Andrew Yang	2	4	4	4		4	2	2	7	7	2	4		4	2	4	4	7	2	7		2		7	4	2	2		2	4
Lady Gaga		2	4	4		7	2	7	4	7	4	4	7	2	2	2	2	2		4	2	2	2	4	7	4	7	2	2	2
Gwen Stefani			2	2		4	7	2	7	4	4	7	4	7	4			2			2	2		4	7	4	4	2	2	4
Desmond Tutu			4	4		4	4	2	4	7		2	2	2	4	7	4	7	7	7	7	4			4		2	4	4	7
Victor Gulenko		4		4		4	4		2	2		4		4	2	7		7	4	4	4	4		4	4	2	2	2	2	2
Milton Friedman			2	2		4	2	2	2		2					7	7			7	4	4	7	4	2					
Professor Leonard	7	7	7	7	4				4			2					4	2	2	2	7	7		7	7		4	2		4
Thomas Sowell		2	2	2		4	4	4	2	2	2	4	2	2		7	7	4	2	7	4	4	2	4	4		2	2	0	
Frank Caprio			2	2		2	2	2	4	2	0	0	2	2	2	7	7	7	4	7	4	2		7	4		2			2
Greg Mathis	4	2	4	4	4			2	4		7	2	4		2	2					7	4	2	7	7		2			
Robert Rinder	2	4	4	4		4	2	2	4		4	4	7				2	2	4		7	4	7	7	7	4	4			4
Gilbert Strang	2			4		7	2	7	4	7	2		7	2	2	7	7	4		7		7	2		4	7	7	4	7	7
Jordan Peterson	7	4	4	7	7		2	2	2		2	4	4	2	2	2	2	7	2	4	7	7	4	4	7		7	2	4	7
Christopher Langan	4	7	4	4	2			2				2	2		2	4	2	2	4	4	7	4		7	7	4	2		2	4
Daniel Bonevac	7	7	7	7				2	2		2	2			7			2	7		7	7	2	4	7	2				4
Nicole Januszczak	4	2				2	7									2	7			7	2			4						
Aubrey Plaza	4	7	2	4	2		2	2			2	7	2	4	2		0	2			2	2	2	4	2	7	4	2	2	4
Daniel Dennett						2	2	2	2						2	7	7	7		7	7	7	0	2					2	
PewDiePie	4	4				2	4	2	7	2	2	4		7	4	2		4	2				2	2	2	2	4	2	2	2
Michio Kaku		4	7	4	7	4	2	7			4	2	7	7	7	2	2	7	7		4	4		7	7	4	4	2		7
Jiddu Krishnamurti			2	4	0	2		7		7	0			2		7	7			7	4	2		2	7		7	7	2	4
Peter Harvey	7	7	4	4	4			2			2	2	2	4	2		2		2	4	7	4	2	4	7		4	2		7
Jay L. Garfield	2	4	7	7	7		2	2			2	7	2			4	2	4		4	7	7		4	7					2
Dr. Paul Williams	4	7	7	7	7			4	2		2	4	4	2	2	2	2	4		4	7	7	7	7	7	2	4	4	2	0
Ken Wheeler			2				4	2	2	7		2	2	4	2	7	7	7	7	7	2	4		7	4	4	2	2		2
Planarwalk		2	4	4		4	7	4	7	7	4	7	2	7	7	2		4	7		4	4	2	7	2		4			7
Doug Smith	2	7	7	4	7	2		7	4		2	4	4	2	7	4	2	2	0	4	7	4	7	4	7		2	4	2	
Saul Kripke	2		4	4			2	2	2	4		2	0	4	2	7	4	2	4	4			2	2	4	4	2		2	4
Taylor Swift	4	4	4	4	2	2	2	0			2	4	7		2	2		4		2	4	4		4	7	4	7	4	4	4
Jacob Bowman		4			0	7	4	2		4	7	7	4		7		4	7	2	4	2	2		2	2	2	4			4
Hilary Putnam			2	2	0	4	4	2		4	2	2	4	2		4	4	2	4	4	7	4		4	2				2	
Master Sheng Yen			2	2		7	4	4	2	4		0	7	2		4	4	4	4	7	4	4		4	4					2
Dr Antala						2		7							2	7	7			7	2	2		2						
Sasha Grey	7	4	7	4	2		2				2	4	4	2	4		2	7	4	2	4	4	2	4	4	4	7	7	4	2
à-bas-le-ciel	7	4	7	7	2	2	2					7	2	2	4	4	2		2	0	7	7	0	7	7	0	4	2	2	4
Hitomi Mochizuki						7	7	4	4	4	4	7	7	4	7			2				2	2	4	4	2	4	2		4
ReviewTechUSA	4	4	7	7	2	2		4	2		2	4	4		7	2	4	4			7	7	4	4	7			2		4
Michael Malice	7	4	7	4	2		2		2			4			4			4			2	7	4	4	7		4	2	4	2
Alex	7	7	7	2	7				2		2	4	2	2	7	2	7	4	4	4	4	7	4	4	7	4	4	4	2	4
Jeff Weiner	7	7	7	7	2							4		2	2	2	2	7	2	4	7			7	7	2				2
Austen Heinz	0	0	4	4	0	7	7	4	7	4	7	7	4	7	4	4	2	2	0	0	2	0	0	7	4	0	2	2	2	4
Jack Dorsey	7	7	4	4	7	0	2	2	4	0	0	4	0	4	4	0	2	7	4	0	4	2	4	2	4	7	7	2	2	7
Robert Webb	4	4	7	7	7	2	0	0	4	0	4	4	0	0	4	0	0	2	2	2	7	7	7	7	7	0	2	0	0	0
Andrew Huberman	4	7	4	4	7	2	0	2	4	0	2	4	2	2	4	2	0	4	2	2	7	4	2	7	7	0	4	2	4	4
Ben	0	4	0	0	0	7	7	4	4	4	4	7	4	4	4	4	2	7	4	0	0	2	2	0	2	0	7	4	4	2
Emily	4	4	0	0	0	0	0	0	2	0	0	4	0	0	0	2	7	7	2	0	0	0	0	0	0	4	0	0	0	0
Amelie Lens	0	7	0	2	0	4	2	7	4	7	7	7	4	4	7	0	2	0	2	0	2	2	2	4	0	2	7	2	0	2
Lars von Trier	0	0	0	2	0	7	7	2	2	7	2	7	0	7	2	7	2	7	4	2	4	4	2	2	2	0	2	0	2	2
Paul Walker	0	0	0	2	0	7	7	7	4	0	7	7	4	4	0	2	2	4	0	0	2	0	2	4	0	0	4	0	0	0
Freya Allan	7	7	4	4	4	0	0	0	2	0	0	4	0	4	0	0	2	0	2	4	2	2	2	7	2	7	7	2	2	7
Matt Field	0	0	4	4	0	7	7	7	4	7	7	7	4	4	0	0	0	2	0	0	2	2	0	4	7	0	2	0	0	0
Winona Ryder	7	7	2	2	4	0	0	2	4	0	2	2	2	7	2	2	0	0	2	0	4	0	2	0	4	4	7	4	2	4
Angelina Jolie	4	7	7	7	0	0	0	4	0	0	0	4	4	0	0	0	0	2	2	0	7	4	2	4	7	7	4	2	4	7
Matt Smith	0	2	4	4	0	4	7	2	4	4	4	7	2	2	4	4	2	2	0	0	2	2	0	7	7	2	2	0	0	2
Aaron Sorkin	7	7	7	7	0	0	0	2	0	0	2	0	4	0	0	0	4	0	4	0	7	7	4	7	4	0	4	0	4	0
Ursula Le Guin	2	7	2	7	7	4	0	4	0	2	0	0	0	0	0	4	4	7	0	4	7	4	2	4	4	2	7	2	2	4
Lucille Ball	7	7	4	2	2	0	2	0	2	0	0	0	2	2	4	0	4	0	0	0	7	7	0	4	4	0	0	0	0	0
Stephen James	0	0	0	2	0	7	7	7	4	2	7	7	7	7	0	0	0	2	0	0	2	0	2	2	0	0	7	2	0	0
Michelle Pfeiffer	7	7	4	4	2	0	0	0	2	0	0	7	0	2	2	0	0	2	0	0	7	4	2	2	7	7	4	4	2	7
Anna Runkle	7	7	7	7	4	0	0	2	2	0	4	0	2	0	2	0	0	0	0	7	7	7	2	4	7	0	0	0	0	0
Sharon Stone	4	4	2	4	4	2	0	4	4	0	4	4	4	4	2	0	0	2	2	0	4	4	0	7	7	7	4	2	4	7
Christina Aguilera	4	4	4	4	0	0	0	2	2	0	4	4	4	2	2	0	0	0	0	0	4	4	2	4	4	7	7	4	2	7
Ana de Armas	4	7	4	4	4	0	0	4	4	2	4	4	2	2	4	0	0	2	2	0	4	4	2	4	4	7	7	4	2	7
Molly Nilsson	7	7	4	4	2	0	0	2	2	0	0	7	0	2	2	0	2	2	0	0	0	2	0	2	2	7	7	2	4	4
Sabine Hossenfelder	0	4	2	2	0	4	2	2	4	7	4	4	4	0	2	7	7	7	0	4	4	4	2	4	4	2	4	0	0	2
Caroline Dean	4	4	7	2	0	4	7	2	4	7	0	0	0	4	0	2	7	4	0	4	7	4	0	0	7	0	4	4	0	0
Anupama Kundoo	0	2	4	4	0	2	2	2	4	7	0	2	0	0	0	4	7	4	0	4	4	0	0	2	7	2	2	4	2	7
Jane Goodall	4	0	2	4	0	0	7	0	0	4	0	0	0	0	0	7	7	7	0	7	4	4	0	4	4	4	2	0	0	0
Eleonore Stump	0	0	2	2	0	4	7	0	0	4	0	0	0	0	0	4	7	0	7	7	4	4	0	4	4	0	0	0	0	0
Celia Deane-Drummond	0	0	0	0	0	0	7	2	0	4	0	0	0	0	0	4	7	2	0	7	2	2	0	4	2	0	0	0	0	0
Lewis Hamilton	7	4	4	4	7	0	2	2	4	0	2	4	2	2	2	0	0	4	4	2	4	2	2	2	4	7	7	2	2	4
Ai Weiwei	0	2	0	0	0	4	0	2	0	0	0	0	2	0	0	7	7	7	0	7	2	2	0	0	0	2	2	0	0	2
Virgil van Dijk	7	4	0	0	2	0	0	0	2	0	0	7	0	2	0	2	2	2	0	0	2	0	0	2	0	4	7	2	4	4
Loreena Mckennitt	7	0	2	4	4	2	0	0	4	0	0	0	7	2	7	0	2	2	0	0	7	4	0	0	4	4	7	4	2	4
Ghostemane	4	7	2	4	7	0	2	4	2	0	4	7	2	2	0	2	0	2	0	2	2	2	2	2	2	7	7	4	4	4
Peter Steele	0	2	2	2	0	4	4	4	4	4	7	7	4	4	2	0	2	2	2	0	4	4	2	2	4	2	2	0	2	4
Robert Rauschenberg	0	0	0	4	0	4	7	2	4	4	0	2	4	0	0	7	4	4	4	4	4	2	2	2	2	0	0	4	4	2
Billy Corgan	0	0	2	2	0	2	4	2	0	4	7	4	7	4	4	2	2	7	2	4	0	4	4	0	2	2	7	4	2	2
Gabrielle Lyon	7	7	7	7	4	0	0	2	4	0	2	2	2	2	0	0	2	2	0	0	7	7	2	4	7	2	2	0	2	0
Anthony Joshua	0	0	4	2	0	4	4	4	7	7	4	7	4	2	0	0	2	2	0	0	2	0	2	4	7	0	2	0	0	0
Jeff Cavaliere	7	7	7	7	4	0	0	4	4	0	2	4	2	2	2	2	0	4	4	4	4	4	0	4	7	0	2	2	2	2
Wladimir Klitschko	7	7	7	4	2	0	0	0	2	0	2	2	0	2	2	0	2	0	0	0	7	4	2	4	7	0	0	0	0	0
Vitali Klitschko	7	4	7	4	0	0	0	0	2	0	0	7	0	0	2	2	7	7	2	0	2	4	2	4	7	0	0	2	2	7
Nassim Taleb	4	4	7	7	7	0	2	2	0	0	2	7	0	4	0	4	2	2	2	0	7	4	0	4	7	0	0	2	2	7
Cecily Brown	7	4	4	2	4	0	0	2	0	0	0	4	2	0	7	0	0	0	0	0	4	4	2	2	4	2	0	7	4	4
David Sinclair	7	4	4	7	0	2	4	0	0	0	0	2	2	4	0	2	7	2	0	0	4	0	2	4	7	0	4	7	4	4
Mike Patton	0	0	0	2	0	4	4	4	0	7	4	4	2	0	4	0	0	4	0	2	2	4	4	0	7	2	2	7	7	4
Francis Bacon	0	0	2	2	0	2	4	0	2	0	0	0	4	0	7	4	4	0	2	4	4	0	0	2	2	4	7	4	2	0
Gabor Mate	2	0	0	2	0	4	7	2	0	4	0	0	2	0	0	4	7	4	0	4	4	4	0	4	4	0	0	2	4	0
Aesop Rock	0	0	2	2	0	7	2	2	2	4	7	4	2	4	2	7	4	0	2	4	2	2	0	0	0	2	7	0	0	4
Joel Fuhrman	7	7	7	7	0	0	0	0	2	0	0	0	0	0	0	0	7	0	0	0	2	7	0	7	7	0	0	0	0	0
Dr. K	4	4	7	7	4	2	0	2	2	0	4	2	4	0	4	0	0	2	0	0	4	7	7	4	7	0	2	0	2	2
Randy Morris	0	0	0	0	0	7	7	4	4	0	7	0	7	0	4	4	7	0	4	7	2	4	0	4	2	0	0	0	0	0
Cara Delevingne	0	0	0	2	0	4	7	2	7	4	7	7	2	7	2	0	0	0	2	0	2	2	2	4	0	0	2	0	0	0
Oliver Sykes	2	2	2	0	0	4	7	4	7	4	7	4	2	7	0	2	2	7	2	2	0	0	4	2	2	2	7	0	4	2
Billy Doyle	7	7	4	4	0	0	0	0	0	0	0	0	0	0	0	4	0	4	0	2	4	0	0	0	4	7	7	7	7	7
David Hockney	0	2	0	0	0	7	4	0	4	0	7	4	7	4	4	4	4	2	7	0	2	2	2	0	2	2	0	0	0	2
Ezra Miller	2	0	2	7	0	7	7	7	4	2	7	7	7	2	0	0	0	2	4	0	7	4	0	4	7	0	7	2	4	4
Yuval Noah Harari	7	7	7	7	2	2	0	0	4	0	2	7	2	0	0	0	0	2	0	0	7	4	0	4	7	0	4	0	4	7
Jim Mahfood	0	4	2	4	0	7	0	4	4	4	4	4	7	7	7	0	0	0	0	0	2	2	4	4	4	0	2	0	0	2
Max Cooper	7	7	4	4	4	0	0	2	2	0	4	0	4	4	4	0	7	7	0	7	0	4	2	0	4	4	7	2	2	7
Indira Gandhi	4	7	4	4	0	0	0	0	0	0	0	4	0	0	0	4	4	4	0	7	7	7	0	4	4	0	0	0	4	0
Eva Longoria	4	4	7	7	7	2	0	4	0	0	7	4	4	0	2	0	2	2	0	0	7	7	0	4	7	4	2	0	4	0
David Goggins	7	4	4	7	7	7	2	4	0	0	4	4	2	0	0	0	2	2	0	0	4	7	2	4	4	0	0	0	2	0
Josh Pray	4	7	4	2	4	2	0	4	2	0	7	2	4	2	0	0	0	0	2	0	7	4	4	4	0	0	2	0	0	0
Remy Bonjasky	0	0	7	4	0	7	7	7	4	7	7	7	7	4	2	0	2	0	2	0	7	4	4	4	7	2	2	0	0	0
Usain Bolt	0	0	2	0	0	7	7	7	0	0	4	2	7	4	0	4	4	4	0	0	0	0	0	2	4	0	0	0	0	0
Graham Mertz	0	0	0	0	0	4	7	4	2	0	4	4	7	2	0	2	2	0	0	0	0	0	0	2	0	0	0	0	0	2
Thomasin McKenzie	2	2	0	0	0	7	4	4	4	4	7	7	7	4	4	0	0	0	0	0	0	0	0	2	0	4	7	0	2	2
Ryan McGinness	4	2	4	0	0	4	4	0	4	4	4	7	4	7	0	0	0	0	0	0	0	0	0	4	2	0	7	4	7	7
Kylian Mbappe	0	0	0	0	0	4	7	4	4	0	4	2	7	4	2	0	0	0	0	0	2	2	0	0	0	0	0	0	0	0
Saro	0	0	0	0	0	7	7	7	2	4	7	4	7	4	7	0	0	0	0	0	0	0	0	2	4	0	0	0	0	0
Toby Hendy	7	0	7	7	2	0	0	0	0	0	0	2	0	4	0	0	0	0	0	0	2	2	0	2	7	7	4	7	4	4
Erika Harlacher	2	2	4	4	0	4	7	7	4	7	7	7	7	7	4	0	0	2	0	0	0	4	4	4	7	2	4	0	0	7
Volodymyr Zelenskyy	7	7	7	7	2	0	0	0	0	0	0	4	0	0	0	0	4	4	7	7	7	4	0	2	7	0	0	2	0	7
James Jean	7	7	2	4	7	0	0	0	2	0	2	4	7	2	7	0	0	2	2	0	0	0	0	0	4	7	7	4	2	7
Dani Shay	7	7	4	4	7	4	0	0	0	0	4	7	7	7	0	0	0	0	7	0	4	4	2	0	4	2	7	7	0	4
Lauren Tsai	4	2	2	2	4	0	0	4	4	0	2	4	4	2	4	0	4	4	2	4	4	2	0	0	4	7	7	4	4	4
Daniel Siegel		0																												
Robert Lawrence Kuhn		7																												
John Malkovich		0																												
River Phoenix		0																												
Lee Ji-eun		0																												
Ryan Seacrest		4																												
Ray Dalio		7																												
Janet Conrad		7																												
Becky G		0																												
Colin Powell		7																												
Jimmy Donaldson	0	0	2	2	0	7	7	4	4	7	7	4	7	7	0	0	2	2	0	0	2	7	2	4	4	0	0	0	0	0
